id,focus,signal,slack,drag,confidence,score,lane,kind,invariant
g001,input width,110,20,30,66,442,ship,baseline,monotonic-signal
g002,search depth,77,54,20,95,452,ship,edge,drag-penalty
g003,boundary pressure,108,38,16,90,570,ship,recovery,confidence-floor
g004,complexity,83,68,37,73,361,ship,negative,lane-boundary
g005,input width,30,50,7,26,187,ship,baseline,monotonic-signal
g006,search depth,51,44,14,93,364,ship,edge,drag-penalty
g007,boundary pressure,109,8,40,88,420,ship,recovery,confidence-floor
g008,complexity,97,28,13,47,445,ship,negative,lane-boundary
g009,input width,51,40,22,31,196,ship,baseline,monotonic-signal
g010,search depth,31,49,7,27,192,ship,edge,drag-penalty
g011,boundary pressure,113,21,43,73,404,ship,recovery,confidence-floor
g012,complexity,69,44,41,57,229,ship,negative,lane-boundary
g013,input width,51,58,32,97,296,ship,baseline,monotonic-signal
g014,search depth,45,33,39,35,88,hold,edge,drag-penalty
g015,boundary pressure,46,58,44,95,212,ship,recovery,confidence-floor
g016,complexity,50,73,27,43,224,ship,negative,lane-boundary
g017,input width,55,13,20,22,177,ship,baseline,monotonic-signal
g018,search depth,61,55,39,102,308,ship,edge,drag-penalty
g019,boundary pressure,68,9,29,103,342,ship,recovery,confidence-floor
g020,complexity,31,23,25,65,152,ship,negative,lane-boundary
g021,input width,60,33,25,94,336,ship,baseline,monotonic-signal
g022,search depth,78,40,5,89,505,ship,edge,drag-penalty
g023,boundary pressure,90,11,39,72,320,ship,recovery,confidence-floor
g024,complexity,100,34,15,25,409,ship,negative,lane-boundary
g025,input width,108,22,5,92,613,ship,baseline,monotonic-signal
g026,search depth,116,45,43,87,468,ship,edge,drag-penalty
g027,boundary pressure,35,24,22,46,146,watch,recovery,confidence-floor
g028,complexity,86,51,34,30,285,ship,negative,lane-boundary
g029,input width,71,32,41,26,163,ship,baseline,monotonic-signal
g030,search depth,67,25,25,72,312,ship,edge,drag-penalty
g031,boundary pressure,113,59,40,56,423,ship,recovery,confidence-floor
g032,complexity,63,43,7,96,452,ship,negative,lane-boundary
g033,input width,30,73,34,34,91,hold,baseline,monotonic-signal
g034,search depth,61,55,28,94,347,ship,edge,drag-penalty
g035,boundary pressure,36,49,26,42,147,watch,recovery,confidence-floor
g036,complexity,71,13,17,21,254,ship,negative,lane-boundary
g037,input width,92,33,24,101,483,ship,baseline,monotonic-signal
g038,search depth,62,45,29,102,352,ship,edge,drag-penalty
g039,boundary pressure,50,54,12,64,322,ship,recovery,confidence-floor
g040,complexity,92,26,5,93,555,ship,negative,lane-boundary
g041,input width,72,49,24,88,393,ship,baseline,monotonic-signal
g042,search depth,66,63,14,71,399,ship,edge,drag-penalty
g043,boundary pressure,110,38,10,24,476,ship,recovery,confidence-floor
g044,complexity,92,63,10,91,563,ship,negative,lane-boundary
g045,input width,86,8,32,86,364,ship,baseline,monotonic-signal
g046,search depth,87,18,24,45,336,ship,edge,drag-penalty
g047,boundary pressure,91,60,42,29,272,ship,recovery,confidence-floor
g048,complexity,96,14,32,25,288,ship,negative,lane-boundary
g049,input width,102,28,28,71,438,ship,baseline,monotonic-signal
g050,search depth,109,38,7,55,549,ship,edge,drag-penalty
g051,boundary pressure,72,45,19,95,428,ship,recovery,confidence-floor
g052,complexity,101,16,26,33,356,ship,negative,lane-boundary
g053,input width,31,39,10,93,299,ship,baseline,monotonic-signal
g054,search depth,43,27,25,41,156,ship,edge,drag-penalty
g055,boundary pressure,53,50,34,20,132,watch,recovery,confidence-floor
g056,complexity,61,29,19,100,378,ship,negative,lane-boundary
g057,input width,69,56,13,101,469,ship,baseline,monotonic-signal
g058,search depth,76,37,11,63,412,ship,edge,drag-penalty
g059,boundary pressure,39,30,44,92,150,watch,recovery,confidence-floor
g060,complexity,112,64,9,87,641,ship,negative,lane-boundary
g061,input width,108,48,14,70,550,ship,baseline,monotonic-signal
g062,search depth,66,8,39,23,123,watch,edge,drag-penalty
g063,boundary pressure,104,60,32,90,496,ship,recovery,confidence-floor
g064,complexity,71,54,9,85,463,ship,negative,lane-boundary
g065,input width,102,18,41,44,309,ship,baseline,monotonic-signal
g066,search depth,77,38,37,28,217,ship,edge,drag-penalty
g067,boundary pressure,112,50,37,24,361,ship,recovery,confidence-floor
g068,complexity,45,59,17,70,294,ship,negative,lane-boundary
g069,input width,103,31,9,54,506,ship,baseline,monotonic-signal
g070,search depth,91,54,27,94,471,ship,edge,drag-penalty
g071,boundary pressure,45,68,17,32,227,ship,recovery,confidence-floor
g072,complexity,113,43,13,92,614,ship,negative,lane-boundary
g073,input width,107,68,34,40,406,ship,baseline,monotonic-signal
g074,search depth,63,13,4,105,455,ship,edge,drag-penalty
g075,boundary pressure,45,23,11,99,346,ship,recovery,confidence-floor
g076,complexity,39,65,37,100,236,ship,negative,lane-boundary
g077,input width,40,19,10,62,253,ship,baseline,monotonic-signal
g078,search depth,44,33,19,91,296,ship,edge,drag-penalty
g079,boundary pressure,49,43,4,86,391,ship,recovery,confidence-floor
g080,complexity,55,50,40,69,208,ship,negative,lane-boundary
g081,input width,62,21,38,22,123,watch,baseline,monotonic-signal
g082,search depth,113,44,29,89,529,ship,edge,drag-penalty
g083,boundary pressure,54,32,36,84,236,ship,recovery,confidence-floor
g084,complexity,72,55,41,43,224,ship,negative,lane-boundary
g085,input width,84,34,24,27,304,ship,baseline,monotonic-signal
g086,search depth,94,61,17,23,398,ship,edge,drag-penalty
g087,boundary pressure,102,42,36,69,408,ship,recovery,confidence-floor
g088,complexity,110,35,26,53,451,ship,negative,lane-boundary
g089,input width,117,69,22,93,613,ship,baseline,monotonic-signal
g090,search depth,80,53,22,31,325,ship,edge,drag-penalty
g091,boundary pressure,65,13,44,91,235,ship,recovery,confidence-floor
g092,complexity,61,65,36,39,207,ship,negative,lane-boundary
g093,input width,107,59,12,104,635,ship,baseline,monotonic-signal
g094,search depth,57,23,44,98,227,ship,edge,drag-penalty
g095,boundary pressure,112,43,40,99,489,ship,recovery,confidence-floor
g096,complexity,55,55,19,61,302,ship,negative,lane-boundary
